AETERM,AELLT,AELLTCD,AEDECOD,AEPTCD,AEHLT,AEHLTCD,AEHLGT,AEHLGTCD,AEBODSYS,AEBDSYCD,AESOC,AESOCCD
ABDOMINAL DISCOMFORT,ABDOMINAL DISCOMFORT,,ABDOMINAL DISCOMFORT,,HLT_0012,,HLGT_0332,,GASTROINTESTINAL DISORDERS,,GASTROINTESTINAL DISORDERS,
ABDOMINAL PAIN,ABDOMINAL CRAMPS,,ABDOMINAL PAIN,,HLT_0217,,HLGT_0419,,GASTROINTESTINAL DISORDERS,,GASTROINTESTINAL DISORDERS,
ACROCHORDON EXCISION,SKIN TAG REMOVAL,,ACROCHORDON EXCISION,,HLT_0629,,HLGT_0103,,SURGICAL AND MEDICAL PROCEDURES,,SURGICAL AND MEDICAL PROCEDURES,
ACTINIC KERATOSIS,ACTINIC KERATOSIS,,ACTINIC KERATOSIS,,HLT_0609,,HLGT_0490,,SKIN AND SUBCUTANEOUS TISSUE DISORDERS,,SKIN AND SUBCUTANEOUS TISSUE DISORDERS,
AGITATION,AGITATION,,AGITATION,,HLT_0140,,HLGT_0170,,PSYCHIATRIC DISORDERS,,PSYCHIATRIC DISORDERS,
ALCOHOL USE,ALCOHOL USE,,ALCOHOL USE,,HLT_0138,,HLGT_0182,,SOCIAL CIRCUMSTANCES,,SOCIAL CIRCUMSTANCES,
ALLERGIC GRANULOMATOUS ANGIITIS,ALLERGIC GRANULOMATOSIS,,ALLERGIC GRANULOMATOUS ANGIITIS,,HLT_0114,,HLGT_0157,,"RESPIRATORY, THORACIC AND MEDIASTINAL DISORDERS",,"RESPIRATORY, THORACIC AND MEDIASTINAL DISORDERS",
ALOPECIA,HAIR LOSS,,ALOPECIA,,HLT_0077,,HLGT_0234,,SKIN AND SUBCUTANEOUS TISSUE DISORDERS,,SKIN AND SUBCUTANEOUS TISSUE DISORDERS,
AMNESIA,SHORT-TERM MEMORY LOSS,,AMNESIA,,HLT_0501,,HLGT_0641,,NERVOUS SYSTEM DISORDERS,,NERVOUS SYSTEM DISORDERS,
ANXIETY,FEELING ANXIOUS,,ANXIETY,,HLT_0559,,HLGT_0570,,PSYCHIATRIC DISORDERS,,PSYCHIATRIC DISORDERS,
APPLICATION SITE BLEEDING,APPLICATION SITE BLEEDING,,APPLICATION SITE BLEEDING,,HLT_0718,,HLGT_0324,,GENERAL DISORDERS AND ADMINISTRATION SITE CONDITIONS,,GENERAL DISORDERS AND ADMINISTRATION SITE CONDITIONS,
APPLICATION SITE DERMATITIS,APPLICATION SITE RASH,,APPLICATION SITE DERMATITIS,,HLT_0343,,HLGT_0241,,GENERAL DISORDERS AND ADMINISTRATION SITE CONDITIONS,,GENERAL DISORDERS AND ADMINISTRATION SITE CONDITIONS,
APPLICATION SITE DESQUAMATION,APPLICATION SITE DESQUAMATION,,APPLICATION SITE DESQUAMATION,,HLT_0351,,HLGT_0193,,GENERAL DISORDERS AND ADMINISTRATION SITE CONDITIONS,,GENERAL DISORDERS AND ADMINISTRATION SITE CONDITIONS,
APPLICATION SITE DISCHARGE,APPLICATION SITE DISCHARGE,,APPLICATION SITE DISCHARGE,,HLT_0200,,HLGT_0457,,GENERAL DISORDERS AND ADMINISTRATION SITE CONDITIONS,,GENERAL DISORDERS AND ADMINISTRATION SITE CONDITIONS,
APPLICATION SITE DISCOLOURATION,APPLICATION SITE DISCOLORATION,,APPLICATION SITE DISCOLOURATION,,HLT_0121,,HLGT_0273,,GENERAL DISORDERS AND ADMINISTRATION SITE CONDITIONS,,GENERAL DISORDERS AND ADMINISTRATION SITE CONDITIONS,
APPLICATION SITE ERYTHEMA,APPLICATION SITE REDNESS,,APPLICATION SITE ERYTHEMA,,HLT_0617,,HLGT_0152,,GENERAL DISORDERS AND ADMINISTRATION SITE CONDITIONS,,GENERAL DISORDERS AND ADMINISTRATION SITE CONDITIONS,
APPLICATION SITE INDURATION,APPLICATION SITE INDURATION,,APPLICATION SITE INDURATION,,HLT_0696,,HLGT_0715,,GENERAL DISORDERS AND ADMINISTRATION SITE CONDITIONS,,GENERAL DISORDERS AND ADMINISTRATION SITE CONDITIONS,
APPLICATION SITE IRRITATION,APPLICATION SITE BURNING,,APPLICATION SITE IRRITATION,,HLT_0061,,HLGT_0346,,GENERAL DISORDERS AND ADMINISTRATION SITE CONDITIONS,,GENERAL DISORDERS AND ADMINISTRATION SITE CONDITIONS,
APPLICATION SITE PAIN,APPLICATION SITE PAIN,,APPLICATION SITE PAIN,,HLT_0342,,HLGT_0085,,GENERAL DISORDERS AND ADMINISTRATION SITE CONDITIONS,,GENERAL DISORDERS AND ADMINISTRATION SITE CONDITIONS,
APPLICATION SITE PERSPIRATION,APPLICATION SITE PERSPIRATION,,APPLICATION SITE PERSPIRATION,,HLT_0283,,HLGT_0403,,GENERAL DISORDERS AND ADMINISTRATION SITE CONDITIONS,,GENERAL DISORDERS AND ADMINISTRATION SITE CONDITIONS,
APPLICATION SITE PRURITUS,APPLICATION SITE ITCHING,,APPLICATION SITE PRURITUS,,HLT_0317,,HLGT_0338,,GENERAL DISORDERS AND ADMINISTRATION SITE CONDITIONS,,GENERAL DISORDERS AND ADMINISTRATION SITE CONDITIONS,
APPLICATION SITE REACTION,APPLICATION SITE REACTION,,APPLICATION SITE REACTION,,HLT_0339,,HLGT_0668,,GENERAL DISORDERS AND ADMINISTRATION SITE CONDITIONS,,GENERAL DISORDERS AND ADMINISTRATION SITE CONDITIONS,
APPLICATION SITE SWELLING,APPLICATION SITE SWELLING,,APPLICATION SITE SWELLING,,HLT_0105,,HLGT_0236,,GENERAL DISORDERS AND ADMINISTRATION SITE CONDITIONS,,GENERAL DISORDERS AND ADMINISTRATION SITE CONDITIONS,
APPLICATION SITE URTICARIA,APPLICATION SITE URTICARIA,,APPLICATION SITE URTICARIA,,HLT_0196,,HLGT_0233,,GENERAL DISORDERS AND ADMINISTRATION SITE CONDITIONS,,GENERAL DISORDERS AND ADMINISTRATION SITE CONDITIONS,
APPLICATION SITE VESICLES,APPLICATION SITE BLISTER,,APPLICATION SITE VESICLES,,HLT_0180,,HLGT_0576,,GENERAL DISORDERS AND ADMINISTRATION SITE CONDITIONS,,GENERAL DISORDERS AND ADMINISTRATION SITE CONDITIONS,
APPLICATION SITE WARMTH,APPLICATION SITE WARMTH,,APPLICATION SITE WARMTH,,HLT_0260,,HLGT_0301,,GENERAL DISORDERS AND ADMINISTRATION SITE CONDITIONS,,GENERAL DISORDERS AND ADMINISTRATION SITE CONDITIONS,
ARTHRALGIA,GENERALIZED JOINT PAIN,,ARTHRALGIA,,HLT_0375,,HLGT_0610,,MUSCULOSKELETAL AND CONNECTIVE TISSUE DISORDERS,,MUSCULOSKELETAL AND CONNECTIVE TISSUE DISORDERS,
ARTHRITIS,ARTHRITIS,,ARTHRITIS,,HLT_0019,,HLGT_0587,,MUSCULOSKELETAL AND CONNECTIVE TISSUE DISORDERS,,MUSCULOSKELETAL AND CONNECTIVE TISSUE DISORDERS,
ASTHENIA,WEAKNESS,,ASTHENIA,,HLT_0205,,HLGT_0614,,GENERAL DISORDERS AND ADMINISTRATION SITE CONDITIONS,,GENERAL DISORDERS AND ADMINISTRATION SITE CONDITIONS,
ATRIAL FIBRILLATION,ATRIAL FIBRILLATION,,ATRIAL FIBRILLATION,,HLT_0365,,HLGT_0012,,CARDIAC DISORDERS,,CARDIAC DISORDERS,
ATRIAL FLUTTER,ATRIAL FLUTTER,,ATRIAL FLUTTER,,HLT_0477,,HLGT_0627,,CARDIAC DISORDERS,,CARDIAC DISORDERS,
ATRIAL HYPERTROPHY,LEFT ATRIAL HYPERTROPHY,,ATRIAL HYPERTROPHY,,HLT_0271,,HLGT_0067,,CARDIAC DISORDERS,,CARDIAC DISORDERS,
ATRIOVENTRICULAR BLOCK FIRST DEGREE,FIRST DEGREE ATRIOVENTRICULAR BLOCK,,ATRIOVENTRICULAR BLOCK FIRST DEGREE,,HLT_0419,,HLGT_0464,,CARDIAC DISORDERS,,CARDIAC DISORDERS,
ATRIOVENTRICULAR BLOCK SECOND DEGREE,AV BLOCK SECOND DEGREE,,ATRIOVENTRICULAR BLOCK SECOND DEGREE,,HLT_0415,,HLGT_0086,,CARDIAC DISORDERS,,CARDIAC DISORDERS,
BACK PAIN,BACKACHE,,BACK PAIN,,HLT_0115,,HLGT_0508,,MUSCULOSKELETAL AND CONNECTIVE TISSUE DISORDERS,,MUSCULOSKELETAL AND CONNECTIVE TISSUE DISORDERS,
BALANCE DISORDER,UNSTEADINESS,,BALANCE DISORDER,,HLT_0541,,HLGT_0101,,NERVOUS SYSTEM DISORDERS,,NERVOUS SYSTEM DISORDERS,
BENIGN PROSTATIC HYPERPLASIA,BENIGN PROSTATIC HYPERTROPHY,,BENIGN PROSTATIC HYPERPLASIA,,HLT_0215,,HLGT_0568,,REPRODUCTIVE SYSTEM AND BREAST DISORDERS,,REPRODUCTIVE SYSTEM AND BREAST DISORDERS,
BIOPSY,BIOPSY,,BIOPSY,,HLT_0685,,HLGT_0076,,INVESTIGATIONS,,INVESTIGATIONS,
BIOPSY PROSTATE,BIOPSY OF PROSTATE,,BIOPSY PROSTATE,,HLT_0553,,HLGT_0725,,INVESTIGATIONS,,INVESTIGATIONS,
BLISTER,BLISTERING,,BLISTER,,HLT_0752,,HLGT_0267,,SKIN AND SUBCUTANEOUS TISSUE DISORDERS,,SKIN AND SUBCUTANEOUS TISSUE DISORDERS,
BLOOD ALKALINE PHOSPHATASE INCREASED,ALK PHOS RAISED,,BLOOD ALKALINE PHOSPHATASE INCREASED,,HLT_0615,,HLGT_0298,,INVESTIGATIONS,,INVESTIGATIONS,
BLOOD CHOLESTEROL INCREASED,HIGH CHOLESTEROL,,BLOOD CHOLESTEROL INCREASED,,HLT_0210,,HLGT_0430,,INVESTIGATIONS,,INVESTIGATIONS,
BLOOD CREATINE PHOSPHOKINASE INCREASED,CPK INCREASE,,BLOOD CREATINE PHOSPHOKINASE INCREASED,,HLT_0404,,HLGT_0008,,INVESTIGATIONS,,INVESTIGATIONS,
BLOOD GLUCOSE INCREASED,GLUCOSE INCREASED,,BLOOD GLUCOSE INCREASED,,HLT_0450,,HLGT_0188,,INVESTIGATIONS,,INVESTIGATIONS,
BLOOD URINE PRESENT,BLOOD IN URINE,,BLOOD URINE PRESENT,,HLT_0458,,HLGT_0289,,INVESTIGATIONS,,INVESTIGATIONS,
BODY TEMPERATURE INCREASED,TEMPERATURE ELEVATION,,BODY TEMPERATURE INCREASED,,HLT_0734,,HLGT_0351,,INVESTIGATIONS,,INVESTIGATIONS,
BRADYCARDIA,BRADYCARDIA,,BRADYCARDIA,,HLT_0640,,HLGT_0294,,CARDIAC DISORDERS,,CARDIAC DISORDERS,
BRONCHITIS,BRONCHITIS,,BRONCHITIS,,HLT_0634,,HLGT_0523,,INFECTIONS AND INFESTATIONS,,INFECTIONS AND INFESTATIONS,
BUNDLE BRANCH BLOCK LEFT,LEFT BUNDLE BRANCH BLOCK,,BUNDLE BRANCH BLOCK LEFT,,HLT_0281,,HLGT_0721,,CARDIAC DISORDERS,,CARDIAC DISORDERS,
BUNDLE BRANCH BLOCK RIGHT,INCOMPLETE RIGHT BUNDLE BRANCH BLOCK,,BUNDLE BRANCH BLOCK RIGHT,,HLT_0751,,HLGT_0597,,CARDIAC DISORDERS,,CARDIAC DISORDERS,
BURNING SENSATION,BURNING SENSATION,,BURNING SENSATION,,HLT_0775,,HLGT_0456,,NERVOUS SYSTEM DISORDERS,,NERVOUS SYSTEM DISORDERS,
CALCULUS URETHRAL,URETHRAL CALCULUS,,CALCULUS URETHRAL,,HLT_0550,,HLGT_0414,,RENAL AND URINARY DISORDERS,,RENAL AND URINARY DISORDERS,
CARDIAC DISORDER,CARDIAC DISORDER,,CARDIAC DISORDER,,HLT_0507,,HLGT_0126,,CARDIAC DISORDERS,,CARDIAC DISORDERS,
CARDIAC FAILURE CONGESTIVE,CONGESTIVE HEART FAILURE,,CARDIAC FAILURE CONGESTIVE,,HLT_0511,,HLGT_0413,,CARDIAC DISORDERS,,CARDIAC DISORDERS,
CATARACT OPERATION,CATARACT EXTRACTION,,CATARACT OPERATION,,HLT_0432,,HLGT_0058,,SURGICAL AND MEDICAL PROCEDURES,,SURGICAL AND MEDICAL PROCEDURES,
CELLULITIS,CELLULITIS OF LEG,,CELLULITIS,,HLT_0613,,HLGT_0066,,INFECTIONS AND INFESTATIONS,,INFECTIONS AND INFESTATIONS,
CERUMEN IMPACTION,CERUMEN IMPACTION,,CERUMEN IMPACTION,,HLT_0018,,HLGT_0158,,EAR AND LABYRINTH DISORDERS,,EAR AND LABYRINTH DISORDERS,
CERVICITIS,CERVICITIS,,CERVICITIS,,HLT_0651,,HLGT_0282,,INFECTIONS AND INFESTATIONS,,INFECTIONS AND INFESTATIONS,
CHEST DISCOMFORT,CHEST PRESSURE,,CHEST DISCOMFORT,,HLT_0593,,HLGT_0441,,GENERAL DISORDERS AND ADMINISTRATION SITE CONDITIONS,,GENERAL DISORDERS AND ADMINISTRATION SITE CONDITIONS,
CHEST PAIN,CHEST PAIN,,CHEST PAIN,,HLT_0717,,HLGT_0195,,GENERAL DISORDERS AND ADMINISTRATION SITE CONDITIONS,,GENERAL DISORDERS AND ADMINISTRATION SITE CONDITIONS,
CHILLS,CHILLS,,CHILLS,,HLT_0586,,HLGT_0161,,GENERAL DISORDERS AND ADMINISTRATION SITE CONDITIONS,,GENERAL DISORDERS AND ADMINISTRATION SITE CONDITIONS,
COGNITIVE DISORDER,COGNITIVE IMPAIRMENT,,COGNITIVE DISORDER,,HLT_0265,,HLGT_0506,,NERVOUS SYSTEM DISORDERS,,NERVOUS SYSTEM DISORDERS,
COLD SWEAT,COLD SWEAT,,COLD SWEAT,,HLT_0124,,HLGT_0208,,SKIN AND SUBCUTANEOUS TISSUE DISORDERS,,SKIN AND SUBCUTANEOUS TISSUE DISORDERS,
COLON CANCER,COLON CANCER,,COLON CANCER,,HLT_0597,,HLGT_0339,,"NEOPLASMS BENIGN, MALIGNANT AND UNSPECIFIED (INCL CYSTS AND POLYPS)",,"NEOPLASMS BENIGN, MALIGNANT AND UNSPECIFIED (INCL CYSTS AND POLYPS)",
COMPLETED SUICIDE,SUICIDE,,COMPLETED SUICIDE,,HLT_0625,,HLGT_0013,,PSYCHIATRIC DISORDERS,,PSYCHIATRIC DISORDERS,
COMPLEX PARTIAL SEIZURES,COMPLEX PARTIAL SEIZURES,,COMPLEX PARTIAL SEIZURES,,HLT_0558,,HLGT_0656,,NERVOUS SYSTEM DISORDERS,,NERVOUS SYSTEM DISORDERS,
CONFUSIONAL STATE,CONFUSION,,CONFUSIONAL STATE,,HLT_0642,,HLGT_0329,,PSYCHIATRIC DISORDERS,,PSYCHIATRIC DISORDERS,
CONJUNCTIVAL HAEMORRHAGE,SUBCONJUNCTIVAL HEMORRHAGE,,CONJUNCTIVAL HAEMORRHAGE,,HLT_0013,,HLGT_0720,,EYE DISORDERS,,EYE DISORDERS,
CONJUNCTIVITIS,CONJUNCTIVITIS,,CONJUNCTIVITIS,,HLT_0584,,HLGT_0335,,EYE DISORDERS,,EYE DISORDERS,
CONSTIPATION,CONSTIPATION,,CONSTIPATION,,HLT_0402,,HLGT_0635,,GASTROINTESTINAL DISORDERS,,GASTROINTESTINAL DISORDERS,
CONTUSION,BRUISE,,CONTUSION,,HLT_0713,,HLGT_0381,,"INJURY, POISONING AND PROCEDURAL COMPLICATIONS",,"INJURY, POISONING AND PROCEDURAL COMPLICATIONS",
COORDINATION ABNORMAL,INCOORDINATION,,COORDINATION ABNORMAL,,HLT_0315,,HLGT_0015,,NERVOUS SYSTEM DISORDERS,,NERVOUS SYSTEM DISORDERS,
COUGH,COUGH,,COUGH,,HLT_0701,,HLGT_0280,,"RESPIRATORY, THORACIC AND MEDIASTINAL DISORDERS",,"RESPIRATORY, THORACIC AND MEDIASTINAL DISORDERS",
CYST,CYST,,CYST,,HLT_0763,,HLGT_0341,,GENERAL DISORDERS AND ADMINISTRATION SITE CONDITIONS,,GENERAL DISORDERS AND ADMINISTRATION SITE CONDITIONS,
CYSTITIS,BLADDER INFECTION,,CYSTITIS,,HLT_0739,,HLGT_0129,,INFECTIONS AND INFESTATIONS,,INFECTIONS AND INFESTATIONS,
CYSTOSCOPY,CYSTOSCOPY,,CYSTOSCOPY,,HLT_0436,,HLGT_0041,,INVESTIGATIONS,,INVESTIGATIONS,
DECREASED APPETITE,DECREASED APPETITE,,DECREASED APPETITE,,HLT_0574,,HLGT_0231,,METABOLISM AND NUTRITION DISORDERS,,METABOLISM AND NUTRITION DISORDERS,
DEHYDRATION,DEHYDRATION,,DEHYDRATION,,HLT_0533,,HLGT_0011,,METABOLISM AND NUTRITION DISORDERS,,METABOLISM AND NUTRITION DISORDERS,
DELIRIUM,DELIRIUM,,DELIRIUM,,HLT_0376,,HLGT_0176,,PSYCHIATRIC DISORDERS,,PSYCHIATRIC DISORDERS,
DELUSION,DELUSIONS,,DELUSION,,HLT_0198,,HLGT_0565,,PSYCHIATRIC DISORDERS,,PSYCHIATRIC DISORDERS,
DEPRESSED MOOD,DEPRESSED MOOD,,DEPRESSED MOOD,,HLT_0784,,HLGT_0122,,PSYCHIATRIC DISORDERS,,PSYCHIATRIC DISORDERS,
DERMATITIS ATOPIC,ATOPIC DERMATITIS,,DERMATITIS ATOPIC,,HLT_0480,,HLGT_0257,,SKIN AND SUBCUTANEOUS TISSUE DISORDERS,,SKIN AND SUBCUTANEOUS TISSUE DISORDERS,
DERMATITIS CONTACT,CONTACT DERMATITIS,,DERMATITIS CONTACT,,HLT_0056,,HLGT_0331,,SKIN AND SUBCUTANEOUS TISSUE DISORDERS,,SKIN AND SUBCUTANEOUS TISSUE DISORDERS,
DIABETES MELLITUS,DIABETES,,DIABETES MELLITUS,,HLT_0447,,HLGT_0572,,METABOLISM AND NUTRITION DISORDERS,,METABOLISM AND NUTRITION DISORDERS,
DIARRHOEA,DIARRHEA,,DIARRHOEA,,HLT_0148,,HLGT_0588,,GASTROINTESTINAL DISORDERS,,GASTROINTESTINAL DISORDERS,
DISORIENTATION,DISORIENTATION,,DISORIENTATION,,HLT_0299,,HLGT_0307,,PSYCHIATRIC DISORDERS,,PSYCHIATRIC DISORDERS,
DIZZINESS,DIZZY,,DIZZINESS,,HLT_0619,,HLGT_0751,,NERVOUS SYSTEM DISORDERS,,NERVOUS SYSTEM DISORDERS,
DRUG ERUPTION,DRUG RASH,,DRUG ERUPTION,,HLT_0430,,HLGT_0253,,SKIN AND SUBCUTANEOUS TISSUE DISORDERS,,SKIN AND SUBCUTANEOUS TISSUE DISORDERS,
DYSPEPSIA,INDIGESTION,,DYSPEPSIA,,HLT_0244,,HLGT_0716,,GASTROINTESTINAL DISORDERS,,GASTROINTESTINAL DISORDERS,
DYSPHAGIA,SWALLOWING DIFFICULT,,DYSPHAGIA,,HLT_0563,,HLGT_0405,,GASTROINTESTINAL DISORDERS,,GASTROINTESTINAL DISORDERS,
DYSPHONIA,HOARSENESS,,DYSPHONIA,,HLT_0073,,HLGT_0274,,"RESPIRATORY, THORACIC AND MEDIASTINAL DISORDERS",,"RESPIRATORY, THORACIC AND MEDIASTINAL DISORDERS",
DYSPNOEA,SHORTNESS OF BREATH,,DYSPNOEA,,HLT_0296,,HLGT_0255,,"RESPIRATORY, THORACIC AND MEDIASTINAL DISORDERS",,"RESPIRATORY, THORACIC AND MEDIASTINAL DISORDERS",
DYSURIA,MICTURITION BURNING,,DYSURIA,,HLT_0637,,HLGT_0210,,RENAL AND URINARY DISORDERS,,RENAL AND URINARY DISORDERS,
EAR INFECTION,EAR INFECTION,,EAR INFECTION,,HLT_0757,,HLGT_0760,,INFECTIONS AND INFESTATIONS,,INFECTIONS AND INFESTATIONS,
EAR PAIN,EAR PAIN,,EAR PAIN,,HLT_0631,,HLGT_0432,,EAR AND LABYRINTH DISORDERS,,EAR AND LABYRINTH DISORDERS,
ELECTROCARDIOGRAM ST SEGMENT DEPRESSION,ST SEGMENT DEPRESSED,,ELECTROCARDIOGRAM ST SEGMENT DEPRESSION,,HLT_0610,,HLGT_0220,,INVESTIGATIONS,,INVESTIGATIONS,
ELECTROCARDIOGRAM T WAVE AMPLITUDE DECREASED,T WAVE FLATTENING OF,,ELECTROCARDIOGRAM T WAVE AMPLITUDE DECREASED,,HLT_0037,,HLGT_0030,,INVESTIGATIONS,,INVESTIGATIONS,
ELECTROCARDIOGRAM T WAVE INVERSION,T WAVE INVERTED,,ELECTROCARDIOGRAM T WAVE INVERSION,,HLT_0289,,HLGT_0130,,INVESTIGATIONS,,INVESTIGATIONS,
EMPHYSEMA,EMPHYSEMA,,EMPHYSEMA,,HLT_0698,,HLGT_0221,,"RESPIRATORY, THORACIC AND MEDIASTINAL DISORDERS",,"RESPIRATORY, THORACIC AND MEDIASTINAL DISORDERS",
ENURESIS,BED WETTING,,ENURESIS,,HLT_0107,,HLGT_0623,,RENAL AND URINARY DISORDERS,,RENAL AND URINARY DISORDERS,
EPISTAXIS,NOSE BLEED,,EPISTAXIS,,HLT_0386,,HLGT_0577,,"RESPIRATORY, THORACIC AND MEDIASTINAL DISORDERS",,"RESPIRATORY, THORACIC AND MEDIASTINAL DISORDERS",
ERYTHEMA,LOCALIZED ERYTHEMA,,ERYTHEMA,,HLT_0284,,HLGT_0192,,SKIN AND SUBCUTANEOUS TISSUE DISORDERS,,SKIN AND SUBCUTANEOUS TISSUE DISORDERS,
EXCORIATION,ABRASION NOS,,EXCORIATION,,HLT_0738,,HLGT_0511,,"INJURY, POISONING AND PROCEDURAL COMPLICATIONS",,"INJURY, POISONING AND PROCEDURAL COMPLICATIONS",
EYE ALLERGY,EYE ALLERGY,,EYE ALLERGY,,HLT_0256,,HLGT_0071,,EYE DISORDERS,,EYE DISORDERS,
EYE LASER SURGERY,EYE LASER SURGERY,,EYE LASER SURGERY,,HLT_0355,,HLGT_0189,,SURGICAL AND MEDICAL PROCEDURES,,SURGICAL AND MEDICAL PROCEDURES,
EYE PRURITUS,EYE ITCHING,,EYE PRURITUS,,HLT_0523,,HLGT_0240,,EYE DISORDERS,,EYE DISORDERS,
EYE SWELLING,EYES SWOLLEN,,EYE SWELLING,,HLT_0008,,HLGT_0466,,EYE DISORDERS,,EYE DISORDERS,
FACIAL BONES FRACTURE,FRACTURED NOSE,,FACIAL BONES FRACTURE,,HLT_0305,,HLGT_0585,,"INJURY, POISONING AND PROCEDURAL COMPLICATIONS",,"INJURY, POISONING AND PROCEDURAL COMPLICATIONS",
FALL,FALL,,FALL,,HLT_0168,,HLGT_0446,,"INJURY, POISONING AND PROCEDURAL COMPLICATIONS",,"INJURY, POISONING AND PROCEDURAL COMPLICATIONS",
FATIGUE,FATIGUE,,FATIGUE,,HLT_0043,,HLGT_0181,,GENERAL DISORDERS AND ADMINISTRATION SITE CONDITIONS,,GENERAL DISORDERS AND ADMINISTRATION SITE CONDITIONS,
FEELING ABNORMAL,FOGGY FEELING IN HEAD,,FEELING ABNORMAL,,HLT_0524,,HLGT_0749,,GENERAL DISORDERS AND ADMINISTRATION SITE CONDITIONS,,GENERAL DISORDERS AND ADMINISTRATION SITE CONDITIONS,
FEELING COLD,FEELING COLD,,FEELING COLD,,HLT_0340,,HLGT_0717,,GENERAL DISORDERS AND ADMINISTRATION SITE CONDITIONS,,GENERAL DISORDERS AND ADMINISTRATION SITE CONDITIONS,
FLANK PAIN,FLANK PAIN,,FLANK PAIN,,HLT_0484,,HLGT_0543,,MUSCULOSKELETAL AND CONNECTIVE TISSUE DISORDERS,,MUSCULOSKELETAL AND CONNECTIVE TISSUE DISORDERS,
FLATULENCE,GAS,,FLATULENCE,,HLT_0356,,HLGT_0504,,GASTROINTESTINAL DISORDERS,,GASTROINTESTINAL DISORDERS,
FOOD CRAVING,CARBOHYDRATE CRAVING,,FOOD CRAVING,,HLT_0754,,HLGT_0376,,METABOLISM AND NUTRITION DISORDERS,,METABOLISM AND NUTRITION DISORDERS,
GASTROENTERITIS VIRAL,STOMACH FLU,,GASTROENTERITIS VIRAL,,HLT_0211,,HLGT_0385,,INFECTIONS AND INFESTATIONS,,INFECTIONS AND INFESTATIONS,
GASTROINTESTINAL HAEMORRHAGE,GI BLEED,,GASTROINTESTINAL HAEMORRHAGE,,HLT_0354,,HLGT_0020,,GASTROINTESTINAL DISORDERS,,GASTROINTESTINAL DISORDERS,
GASTROOESOPHAGEAL REFLUX DISEASE,GASTROOESOPHAGEAL REFLUX DISEASE,,GASTROOESOPHAGEAL REFLUX DISEASE,,HLT_0407,,HLGT_0304,,GASTROINTESTINAL DISORDERS,,GASTROINTESTINAL DISORDERS,
GLAUCOMA,GLAUCOMA,,GLAUCOMA,,HLT_0556,,HLGT_0734,,EYE DISORDERS,,EYE DISORDERS,
GLOSSITIS,GLOSSITIS,,GLOSSITIS,,HLT_0250,,HLGT_0427,,GASTROINTESTINAL DISORDERS,,GASTROINTESTINAL DISORDERS,
HAEMOPTYSIS,COUGHING BLOOD,,HAEMOPTYSIS,,HLT_0192,,HLGT_0680,,"RESPIRATORY, THORACIC AND MEDIASTINAL DISORDERS",,"RESPIRATORY, THORACIC AND MEDIASTINAL DISORDERS",
HALLUCINATION,HALLUCINATION,,HALLUCINATION,,HLT_0026,,HLGT_0649,,PSYCHIATRIC DISORDERS,,PSYCHIATRIC DISORDERS,
"HALLUCINATION, VISUAL",VISUAL HALLUCINATIONS,,"HALLUCINATION, VISUAL",,HLT_0369,,HLGT_0663,,PSYCHIATRIC DISORDERS,,PSYCHIATRIC DISORDERS,
HEADACHE,HEADACHE,,HEADACHE,,HLT_0064,,HLGT_0344,,NERVOUS SYSTEM DISORDERS,,NERVOUS SYSTEM DISORDERS,
HEART RATE INCREASED,HEART RATE INCREASED,,HEART RATE INCREASED,,HLT_0646,,HLGT_0673,,INVESTIGATIONS,,INVESTIGATIONS,
HEART RATE IRREGULAR,HEARTBEATS IRREGULAR,,HEART RATE IRREGULAR,,HLT_0765,,HLGT_0140,,INVESTIGATIONS,,INVESTIGATIONS,
HEMIANOPIA HOMONYMOUS,HOMONYMOUS HEMIANOPSIA,,HEMIANOPIA HOMONYMOUS,,HLT_0639,,HLGT_0547,,NERVOUS SYSTEM DISORDERS,,NERVOUS SYSTEM DISORDERS,
HIATUS HERNIA,HERNIA HIATAL,,HIATUS HERNIA,,HLT_0159,,HLGT_0109,,GASTROINTESTINAL DISORDERS,,GASTROINTESTINAL DISORDERS,
HIP FRACTURE,HIP FRACTURE,,HIP FRACTURE,,HLT_0097,,HLGT_0131,,"INJURY, POISONING AND PROCEDURAL COMPLICATIONS",,"INJURY, POISONING AND PROCEDURAL COMPLICATIONS",
HORDEOLUM,STYE,,HORDEOLUM,,HLT_0604,,HLGT_0290,,INFECTIONS AND INFESTATIONS,,INFECTIONS AND INFESTATIONS,
HOT FLUSH,HOT FLASHES,,HOT FLUSH,,HLT_0737,,HLGT_0773,,VASCULAR DISORDERS,,VASCULAR DISORDERS,
HYPERBILIRUBINAEMIA,HYPERBILIRUBINEMIA,,HYPERBILIRUBINAEMIA,,HLT_0478,,HLGT_0087,,HEPATOBILIARY DISORDERS,,HEPATOBILIARY DISORDERS,
HYPERCHOLESTEROLAEMIA,HYPERCHOLESTEROLEMIA,,HYPERCHOLESTEROLAEMIA,,HLT_0025,,HLGT_0703,,METABOLISM AND NUTRITION DISORDERS,,METABOLISM AND NUTRITION DISORDERS,
HYPERHIDROSIS,PERSPIRATION EXCESSIVE,,HYPERHIDROSIS,,HLT_0587,,HLGT_0005,,SKIN AND SUBCUTANEOUS TISSUE DISORDERS,,SKIN AND SUBCUTANEOUS TISSUE DISORDERS,
HYPERSENSITIVITY,ALLERGY,,HYPERSENSITIVITY,,HLT_0473,,HLGT_0765,,IMMUNE SYSTEM DISORDERS,,IMMUNE SYSTEM DISORDERS,
HYPERSOMNIA,SLEEP EXCESSIVE,,HYPERSOMNIA,,HLT_0231,,HLGT_0628,,NERVOUS SYSTEM DISORDERS,,NERVOUS SYSTEM DISORDERS,
HYPERTENSION,HYPERTENSION,,HYPERTENSION,,HLT_0228,,HLGT_0476,,VASCULAR DISORDERS,,VASCULAR DISORDERS,
HYPONATRAEMIA,HYPONATREMIA,,HYPONATRAEMIA,,HLT_0688,,HLGT_0102,,METABOLISM AND NUTRITION DISORDERS,,METABOLISM AND NUTRITION DISORDERS,
HYPOTENSION,HYPOTENSION,,HYPOTENSION,,HLT_0761,,HLGT_0412,,VASCULAR DISORDERS,,VASCULAR DISORDERS,
INCONTINENCE,INCONTINENCE,,INCONTINENCE,,HLT_0560,,HLGT_0503,,RENAL AND URINARY DISORDERS,,RENAL AND URINARY DISORDERS,
INCREASED APPETITE,INCREASED APPETITE,,INCREASED APPETITE,,HLT_0566,,HLGT_0769,,METABOLISM AND NUTRITION DISORDERS,,METABOLISM AND NUTRITION DISORDERS,
INFLAMMATION,INFLAMMATION LOCALIZED,,INFLAMMATION,,HLT_0582,,HLGT_0004,,GENERAL DISORDERS AND ADMINISTRATION SITE CONDITIONS,,GENERAL DISORDERS AND ADMINISTRATION SITE CONDITIONS,
INFLUENZA,FLU,,INFLUENZA,,HLT_0125,,HLGT_0081,,INFECTIONS AND INFESTATIONS,,INFECTIONS AND INFESTATIONS,
INSOMNIA,INSOMNIA,,INSOMNIA,,HLT_0297,,HLGT_0469,,PSYCHIATRIC DISORDERS,,PSYCHIATRIC DISORDERS,
IRRITABILITY,IRRITABILITY,,IRRITABILITY,,HLT_0627,,HLGT_0461,,PSYCHIATRIC DISORDERS,,PSYCHIATRIC DISORDERS,
JOINT DISLOCATION,SHOULDER DISLOCATION,,JOINT DISLOCATION,,HLT_0035,,HLGT_0227,,"INJURY, POISONING AND PROCEDURAL COMPLICATIONS",,"INJURY, POISONING AND PROCEDURAL COMPLICATIONS",
LETHARGY,LETHARGY,,LETHARGY,,HLT_0027,,HLGT_0448,,NERVOUS SYSTEM DISORDERS,,NERVOUS SYSTEM DISORDERS,
LIBIDO DECREASED,LIBIDO DECREASED,,LIBIDO DECREASED,,HLT_0338,,HLGT_0496,,PSYCHIATRIC DISORDERS,,PSYCHIATRIC DISORDERS,
LISTLESS,LISTLESSNESS,,LISTLESS,,HLT_0657,,HLGT_0124,,PSYCHIATRIC DISORDERS,,PSYCHIATRIC DISORDERS,
LOCALISED INFECTION,LOCALIZED INFECTION,,LOCALISED INFECTION,,HLT_0435,,HLGT_0557,,INFECTIONS AND INFESTATIONS,,INFECTIONS AND INFESTATIONS,
LOWER RESPIRATORY TRACT INFECTION,CHEST COLD,,LOWER RESPIRATORY TRACT INFECTION,,HLT_0052,,HLGT_0217,,INFECTIONS AND INFESTATIONS,,INFECTIONS AND INFESTATIONS,
MALAISE,MALAISE,,MALAISE,,HLT_0456,,HLGT_0178,,GENERAL DISORDERS AND ADMINISTRATION SITE CONDITIONS,,GENERAL DISORDERS AND ADMINISTRATION SITE CONDITIONS,
MALIGNANT FIBROUS HISTIOCYTOMA,MALIGNANT FIBROUS HISTIOCYTOMA,,MALIGNANT FIBROUS HISTIOCYTOMA,,HLT_0245,,HLGT_0507,,"NEOPLASMS BENIGN, MALIGNANT AND UNSPECIFIED (INCL CYSTS AND POLYPS)",,"NEOPLASMS BENIGN, MALIGNANT AND UNSPECIFIED (INCL CYSTS AND POLYPS)",
MICTURITION URGENCY,URINARY URGENCY,,MICTURITION URGENCY,,HLT_0294,,HLGT_0483,,RENAL AND URINARY DISORDERS,,RENAL AND URINARY DISORDERS,
MUSCLE SPASMS,LEG CRAMPS,,MUSCLE SPASMS,,HLT_0078,,HLGT_0750,,MUSCULOSKELETAL AND CONNECTIVE TISSUE DISORDERS,,MUSCULOSKELETAL AND CONNECTIVE TISSUE DISORDERS,
MUSCULAR WEAKNESS,MUSCULAR WEAKNESS,,MUSCULAR WEAKNESS,,HLT_0444,,HLGT_0211,,MUSCULOSKELETAL AND CONNECTIVE TISSUE DISORDERS,,MUSCULOSKELETAL AND CONNECTIVE TISSUE DISORDERS,
MYALGIA,MYALGIA,,MYALGIA,,HLT_0700,,HLGT_0121,,MUSCULOSKELETAL AND CONNECTIVE TISSUE DISORDERS,,MUSCULOSKELETAL AND CONNECTIVE TISSUE DISORDERS,
MYOCARDIAL INFARCTION,MYOCARDIAL INFARCTION,,MYOCARDIAL INFARCTION,,HLT_0649,,HLGT_0688,,CARDIAC DISORDERS,,CARDIAC DISORDERS,
NASAL CONGESTION,NASAL CONGESTION,,NASAL CONGESTION,,HLT_0118,,HLGT_0549,,"RESPIRATORY, THORACIC AND MEDIASTINAL DISORDERS",,"RESPIRATORY, THORACIC AND MEDIASTINAL DISORDERS",
NASAL MUCOSA BIOPSY,NASAL MUCOSA BIOPSY,,NASAL MUCOSA BIOPSY,,HLT_0680,,HLGT_0396,,INVESTIGATIONS,,INVESTIGATIONS,
NASOPHARYNGITIS,COLD,,NASOPHARYNGITIS,,HLT_0036,,HLGT_0709,,INFECTIONS AND INFESTATIONS,,INFECTIONS AND INFESTATIONS,
NAUSEA,NAUSEA,,NAUSEA,,HLT_0742,,HLGT_0326,,GASTROINTESTINAL DISORDERS,,GASTROINTESTINAL DISORDERS,
NEPHROLITHIASIS,KIDNEY STONE,,NEPHROLITHIASIS,,HLT_0439,,HLGT_0546,,RENAL AND URINARY DISORDERS,,RENAL AND URINARY DISORDERS,
NEUTROPHIL COUNT INCREASED,NEUTROPHIL COUNT INCREASED,,NEUTROPHIL COUNT INCREASED,,HLT_0326,,HLGT_0625,,INVESTIGATIONS,,INVESTIGATIONS,
NIGHTMARE,NIGHTMARE,,NIGHTMARE,,HLT_0186,,HLGT_0049,,PSYCHIATRIC DISORDERS,,PSYCHIATRIC DISORDERS,
OEDEMA,EDEMA,,OEDEMA,,HLT_0656,,HLGT_0036,,GENERAL DISORDERS AND ADMINISTRATION SITE CONDITIONS,,GENERAL DISORDERS AND ADMINISTRATION SITE CONDITIONS,
OEDEMA PERIPHERAL,LEG EDEMA,,OEDEMA PERIPHERAL,,HLT_0661,,HLGT_0137,,GENERAL DISORDERS AND ADMINISTRATION SITE CONDITIONS,,GENERAL DISORDERS AND ADMINISTRATION SITE CONDITIONS,
ONYCHOMYCOSIS,ONYCHOMYCOSIS,,ONYCHOMYCOSIS,,HLT_0275,,HLGT_0243,,INFECTIONS AND INFESTATIONS,,INFECTIONS AND INFESTATIONS,
ORTHOSTATIC HYPOTENSION,POSTURAL HYPOTENSION,,ORTHOSTATIC HYPOTENSION,,HLT_0194,,HLGT_0111,,VASCULAR DISORDERS,,VASCULAR DISORDERS,
PAIN,STINGING,,PAIN,,HLT_0314,,HLGT_0478,,GENERAL DISORDERS AND ADMINISTRATION SITE CONDITIONS,,GENERAL DISORDERS AND ADMINISTRATION SITE CONDITIONS,
PAIN IN EXTREMITY,PAIN IN THIGH,,PAIN IN EXTREMITY,,HLT_0213,,HLGT_0764,,MUSCULOSKELETAL AND CONNECTIVE TISSUE DISORDERS,,MUSCULOSKELETAL AND CONNECTIVE TISSUE DISORDERS,
PALPITATIONS,PALPITATIONS,,PALPITATIONS,,HLT_0493,,HLGT_0593,,CARDIAC DISORDERS,,CARDIAC DISORDERS,
PARAESTHESIA,TINGLING,,PARAESTHESIA,,HLT_0481,,HLGT_0534,,NERVOUS SYSTEM DISORDERS,,NERVOUS SYSTEM DISORDERS,
PARAESTHESIA ORAL,TINGLING MOUTH,,PARAESTHESIA ORAL,,HLT_0727,,HLGT_0035,,NERVOUS SYSTEM DISORDERS,,NERVOUS SYSTEM DISORDERS,
PARKINSON'S DISEASE,DISEASE PARKINSON'S,,PARKINSON'S DISEASE,,HLT_0279,,HLGT_0313,,NERVOUS SYSTEM DISORDERS,,NERVOUS SYSTEM DISORDERS,
PAROSMIA,STRANGE SMELL SENSATION,,PAROSMIA,,HLT_0258,,HLGT_0471,,NERVOUS SYSTEM DISORDERS,,NERVOUS SYSTEM DISORDERS,
PARTIAL SEIZURES WITH SECONDARY GENERALISATION,PARTIAL SEIZURES WITH SECONDARY GENERALIZATION,,PARTIAL SEIZURES WITH SECONDARY GENERALISATION,,HLT_0603,,HLGT_0719,,NERVOUS SYSTEM DISORDERS,,NERVOUS SYSTEM DISORDERS,
PELVIC PAIN,PELVIC PAIN,,PELVIC PAIN,,HLT_0189,,HLGT_0691,,REPRODUCTIVE SYSTEM AND BREAST DISORDERS,,REPRODUCTIVE SYSTEM AND BREAST DISORDERS,
PHARYNGEAL ERYTHEMA,RED THROAT,,PHARYNGEAL ERYTHEMA,,HLT_0591,,HLGT_0398,,"RESPIRATORY, THORACIC AND MEDIASTINAL DISORDERS",,"RESPIRATORY, THORACIC AND MEDIASTINAL DISORDERS",
PHARYNGOLARYNGEAL PAIN,SORE THROAT,,PHARYNGOLARYNGEAL PAIN,,HLT_0130,,HLGT_0402,,"RESPIRATORY, THORACIC AND MEDIASTINAL DISORDERS",,"RESPIRATORY, THORACIC AND MEDIASTINAL DISORDERS",
PNEUMONIA,PNEUMONIA,,PNEUMONIA,,HLT_0251,,HLGT_0671,,INFECTIONS AND INFESTATIONS,,INFECTIONS AND INFESTATIONS,
POLLAKIURIA,URINARY FREQUENCY,,POLLAKIURIA,,HLT_0393,,HLGT_0560,,RENAL AND URINARY DISORDERS,,RENAL AND URINARY DISORDERS,
POSTNASAL DRIP,POSTNASAL DRIP,,POSTNASAL DRIP,,HLT_0172,,HLGT_0032,,"RESPIRATORY, THORACIC AND MEDIASTINAL DISORDERS",,"RESPIRATORY, THORACIC AND MEDIASTINAL DISORDERS",
PRODUCTIVE COUGH,PRODUCTIVE COUGH,,PRODUCTIVE COUGH,,HLT_0545,,HLGT_0681,,"RESPIRATORY, THORACIC AND MEDIASTINAL DISORDERS",,"RESPIRATORY, THORACIC AND MEDIASTINAL DISORDERS",
PROSTATE CANCER,PROSTATE CANCER,,PROSTATE CANCER,,HLT_0412,,HLGT_0190,,"NEOPLASMS BENIGN, MALIGNANT AND UNSPECIFIED (INCL CYSTS AND POLYPS)",,"NEOPLASMS BENIGN, MALIGNANT AND UNSPECIFIED (INCL CYSTS AND POLYPS)",
PRURITUS,ITCHING,,PRURITUS,,HLT_0778,,HLGT_0695,,SKIN AND SUBCUTANEOUS TISSUE DISORDERS,,SKIN AND SUBCUTANEOUS TISSUE DISORDERS,
PRURITUS GENERALISED,GENERALIZED PRURITUS,,PRURITUS GENERALISED,,HLT_0123,,HLGT_0689,,SKIN AND SUBCUTANEOUS TISSUE DISORDERS,,SKIN AND SUBCUTANEOUS TISSUE DISORDERS,
PSYCHOMOTOR HYPERACTIVITY,INCREASED ACTIVITY,,PSYCHOMOTOR HYPERACTIVITY,,HLT_0383,,HLGT_0277,,NERVOUS SYSTEM DISORDERS,,NERVOUS SYSTEM DISORDERS,
PYREXIA,FEVER,,PYREXIA,,HLT_0310,,HLGT_0652,,GENERAL DISORDERS AND ADMINISTRATION SITE CONDITIONS,,GENERAL DISORDERS AND ADMINISTRATION SITE CONDITIONS,
RALES,RALES,,RALES,,HLT_0020,,HLGT_0410,,"RESPIRATORY, THORACIC AND MEDIASTINAL DISORDERS",,"RESPIRATORY, THORACIC AND MEDIASTINAL DISORDERS",
RASH,RASH,,RASH,,HLT_0762,,HLGT_0198,,SKIN AND SUBCUTANEOUS TISSUE DISORDERS,,SKIN AND SUBCUTANEOUS TISSUE DISORDERS,
RASH ERYTHEMATOUS,ERYTHEMATOUS RASH,,RASH ERYTHEMATOUS,,HLT_0336,,HLGT_0701,,SKIN AND SUBCUTANEOUS TISSUE DISORDERS,,SKIN AND SUBCUTANEOUS TISSUE DISORDERS,
RASH MACULO-PAPULAR,MACULOPAPULAR RASH,,RASH MACULO-PAPULAR,,HLT_0500,,HLGT_0097,,SKIN AND SUBCUTANEOUS TISSUE DISORDERS,,SKIN AND SUBCUTANEOUS TISSUE DISORDERS,
RASH PAPULAR,PAPULAR RASH,,RASH PAPULAR,,HLT_0549,,HLGT_0007,,SKIN AND SUBCUTANEOUS TISSUE DISORDERS,,SKIN AND SUBCUTANEOUS TISSUE DISORDERS,
RASH PRURITIC,PRURITIC RASH,,RASH PRURITIC,,HLT_0127,,HLGT_0753,,SKIN AND SUBCUTANEOUS TISSUE DISORDERS,,SKIN AND SUBCUTANEOUS TISSUE DISORDERS,
RECTAL HAEMORRHAGE,RECTAL BLEEDING,,RECTAL HAEMORRHAGE,,HLT_0353,,HLGT_0755,,GASTROINTESTINAL DISORDERS,,GASTROINTESTINAL DISORDERS,
RESPIRATORY TRACT CONGESTION,RESPIRATORY TRACT CONGESTION,,RESPIRATORY TRACT CONGESTION,,HLT_0330,,HLGT_0424,,"RESPIRATORY, THORACIC AND MEDIASTINAL DISORDERS",,"RESPIRATORY, THORACIC AND MEDIASTINAL DISORDERS",
RESTLESSNESS,RESTLESSNESS,,RESTLESSNESS,,HLT_0427,,HLGT_0510,,PSYCHIATRIC DISORDERS,,PSYCHIATRIC DISORDERS,
RHINITIS,CORYZA,,RHINITIS,,HLT_0239,,HLGT_0322,,INFECTIONS AND INFESTATIONS,,INFECTIONS AND INFESTATIONS,
RHINORRHOEA,RUNNY NOSE,,RHINORRHOEA,,HLT_0635,,HLGT_0460,,"RESPIRATORY, THORACIC AND MEDIASTINAL DISORDERS",,"RESPIRATORY, THORACIC AND MEDIASTINAL DISORDERS",
SALIVARY HYPERSECRETION,HYPERSALIVATION,,SALIVARY HYPERSECRETION,,HLT_0374,,HLGT_0488,,GASTROINTESTINAL DISORDERS,,GASTROINTESTINAL DISORDERS,
SEASONAL ALLERGY,HAY FEVER,,SEASONAL ALLERGY,,HLT_0714,,HLGT_0782,,IMMUNE SYSTEM DISORDERS,,IMMUNE SYSTEM DISORDERS,
SECRETION DISCHARGE,SECRETION DISCHARGE,,SECRETION DISCHARGE,,HLT_0683,,HLGT_0575,,GENERAL DISORDERS AND ADMINISTRATION SITE CONDITIONS,,GENERAL DISORDERS AND ADMINISTRATION SITE CONDITIONS,
SHOULDER PAIN,SHOULDER PAIN,,SHOULDER PAIN,,HLT_0527,,HLGT_0288,,MUSCULOSKELETAL AND CONNECTIVE TISSUE DISORDERS,,MUSCULOSKELETAL AND CONNECTIVE TISSUE DISORDERS,
SINUS ARRHYTHMIA,SINUS ARRHYTHMIA,,SINUS ARRHYTHMIA,,HLT_0094,,HLGT_0630,,CARDIAC DISORDERS,,CARDIAC DISORDERS,
SINUS BRADYCARDIA,SINUS BRADYCARDIA,,SINUS BRADYCARDIA,,HLT_0644,,HLGT_0500,,CARDIAC DISORDERS,,CARDIAC DISORDERS,
SKIN EXFOLIATION,SKIN PEELING,,SKIN EXFOLIATION,,HLT_0236,,HLGT_0726,,SKIN AND SUBCUTANEOUS TISSUE DISORDERS,,SKIN AND SUBCUTANEOUS TISSUE DISORDERS,
SKIN IRRITATION,SKIN IRRITATION,,SKIN IRRITATION,,HLT_0583,,HLGT_0384,,SKIN AND SUBCUTANEOUS TISSUE DISORDERS,,SKIN AND SUBCUTANEOUS TISSUE DISORDERS,
SKIN LACERATION,LACERATION OF FACE,,SKIN LACERATION,,HLT_0075,,HLGT_0118,,"INJURY, POISONING AND PROCEDURAL COMPLICATIONS",,"INJURY, POISONING AND PROCEDURAL COMPLICATIONS",
SKIN LESION EXCISION,SKIN LESION EXCISION,,SKIN LESION EXCISION,,HLT_0498,,HLGT_0450,,SURGICAL AND MEDICAL PROCEDURES,,SURGICAL AND MEDICAL PROCEDURES,
SKIN ODOUR ABNORMAL,SKIN ODOR ABNORMAL,,SKIN ODOUR ABNORMAL,,HLT_0510,,HLGT_0184,,SKIN AND SUBCUTANEOUS TISSUE DISORDERS,,SKIN AND SUBCUTANEOUS TISSUE DISORDERS,
SKIN ULCER,SKIN EROSION,,SKIN ULCER,,HLT_0005,,HLGT_0017,,SKIN AND SUBCUTANEOUS TISSUE DISORDERS,,SKIN AND SUBCUTANEOUS TISSUE DISORDERS,
SOMNOLENCE,DROWSINESS,,SOMNOLENCE,,HLT_0160,,HLGT_0254,,NERVOUS SYSTEM DISORDERS,,NERVOUS SYSTEM DISORDERS,
STOMACH DISCOMFORT,STOMACH UPSET,,STOMACH DISCOMFORT,,HLT_0065,,HLGT_0183,,GASTROINTESTINAL DISORDERS,,GASTROINTESTINAL DISORDERS,
STUPOR,STUPOR,,STUPOR,,HLT_0595,,HLGT_0513,,NERVOUS SYSTEM DISORDERS,,NERVOUS SYSTEM DISORDERS,
SUDDEN DEATH,SUDDEN DEATH,,SUDDEN DEATH,,HLT_0142,,HLGT_0272,,GENERAL DISORDERS AND ADMINISTRATION SITE CONDITIONS,,GENERAL DISORDERS AND ADMINISTRATION SITE CONDITIONS,
SUPRAVENTRICULAR EXTRASYSTOLES,PREMATURE ATRIAL CONTRACTION,,SUPRAVENTRICULAR EXTRASYSTOLES,,HLT_0188,,HLGT_0279,,CARDIAC DISORDERS,,CARDIAC DISORDERS,
SUPRAVENTRICULAR TACHYCARDIA,SUPRAVENTRICULAR TACHYCARDIA,,SUPRAVENTRICULAR TACHYCARDIA,,HLT_0692,,HLGT_0619,,CARDIAC DISORDERS,,CARDIAC DISORDERS,
SWELLING,SWELLING,,SWELLING,,HLT_0658,,HLGT_0484,,GENERAL DISORDERS AND ADMINISTRATION SITE CONDITIONS,,GENERAL DISORDERS AND ADMINISTRATION SITE CONDITIONS,
SYNCOPE,FAINTING,,SYNCOPE,,HLT_0440,,HLGT_0310,,NERVOUS SYSTEM DISORDERS,,NERVOUS SYSTEM DISORDERS,
SYNCOPE VASOVAGAL,SYNCOPE VASOVAGAL,,SYNCOPE VASOVAGAL,,HLT_0003,,HLGT_0687,,NERVOUS SYSTEM DISORDERS,,NERVOUS SYSTEM DISORDERS,
TACHYCARDIA,TACHYCARDIA,,TACHYCARDIA,,HLT_0082,,HLGT_0574,,CARDIAC DISORDERS,,CARDIAC DISORDERS,
TINNITUS,TINNITUS,,TINNITUS,,HLT_0570,,HLGT_0180,,EAR AND LABYRINTH DISORDERS,,EAR AND LABYRINTH DISORDERS,
TRANSIENT ISCHAEMIC ATTACK,TRANSIENT ISCHEMIC ATTACKS,,TRANSIENT ISCHAEMIC ATTACK,,HLT_0041,,HLGT_0433,,NERVOUS SYSTEM DISORDERS,,NERVOUS SYSTEM DISORDERS,
ULCER,ULCER,,ULCER,,HLT_0040,,HLGT_0245,,GENERAL DISORDERS AND ADMINISTRATION SITE CONDITIONS,,GENERAL DISORDERS AND ADMINISTRATION SITE CONDITIONS,
UPPER RESPIRATORY TRACT INFECTION,UPPER RESPIRATORY INFECTION,,UPPER RESPIRATORY TRACT INFECTION,,HLT_0520,,HLGT_0489,,INFECTIONS AND INFESTATIONS,,INFECTIONS AND INFESTATIONS,
URINARY TRACT INFECTION,URINARY TRACT INFECTION,,URINARY TRACT INFECTION,,HLT_0161,,HLGT_0093,,INFECTIONS AND INFESTATIONS,,INFECTIONS AND INFESTATIONS,
URINE ANALYSIS ABNORMAL,URINE ANALYSIS ABNORMAL,,URINE ANALYSIS ABNORMAL,,HLT_0783,,HLGT_0295,,INVESTIGATIONS,,INVESTIGATIONS,
URTICARIA,WELTS,,URTICARIA,,HLT_0420,,HLGT_0705,,SKIN AND SUBCUTANEOUS TISSUE DISORDERS,,SKIN AND SUBCUTANEOUS TISSUE DISORDERS,
VAGINAL MYCOSIS,VAGINAL YEAST INFECTION,,VAGINAL MYCOSIS,,HLT_0508,,HLGT_0643,,INFECTIONS AND INFESTATIONS,,INFECTIONS AND INFESTATIONS,
VENTRICULAR EXTRASYSTOLES,VENTRICULAR BIGEMINY,,VENTRICULAR EXTRASYSTOLES,,HLT_0050,,HLGT_0594,,CARDIAC DISORDERS,,CARDIAC DISORDERS,
VENTRICULAR HYPERTROPHY,LEFT VENTRICULAR HYPERTROPHY,,VENTRICULAR HYPERTROPHY,,HLT_0104,,HLGT_0259,,CARDIAC DISORDERS,,CARDIAC DISORDERS,
VENTRICULAR SEPTAL DEFECT,VENTRICULAR SEPTAL DEFECT,,VENTRICULAR SEPTAL DEFECT,,HLT_0589,,HLGT_0747,,"CONGENITAL, FAMILIAL AND GENETIC DISORDERS",,"CONGENITAL, FAMILIAL AND GENETIC DISORDERS",
VERTIGO,VERTIGO,,VERTIGO,,HLT_0255,,HLGT_0147,,EAR AND LABYRINTH DISORDERS,,EAR AND LABYRINTH DISORDERS,
VIRAL INFECTION,VIRAL INFECTION,,VIRAL INFECTION,,HLT_0733,,HLGT_0408,,INFECTIONS AND INFESTATIONS,,INFECTIONS AND INFESTATIONS,
VISION BLURRED,BLURRED VISION,,VISION BLURRED,,HLT_0120,,HLGT_0598,,EYE DISORDERS,,EYE DISORDERS,
VOMITING,VOMITING,,VOMITING,,HLT_0016,,HLGT_0350,,GASTROINTESTINAL DISORDERS,,GASTROINTESTINAL DISORDERS,
WEIGHT DECREASED,WEIGHT LOSS,,WEIGHT DECREASED,,HLT_0158,,HLGT_0778,,INVESTIGATIONS,,INVESTIGATIONS,
WHITE BLOOD CELL COUNT INCREASED,WBC INCREASED,,WHITE BLOOD CELL COUNT INCREASED,,HLT_0417,,HLGT_0465,,INVESTIGATIONS,,INVESTIGATIONS,
WOLFF-PARKINSON-WHITE SYNDROME,WOLFF-PARKINSON-WHITE SYNDROME,,WOLFF-PARKINSON-WHITE SYNDROME,,HLT_0612,,HLGT_0218,,CARDIAC DISORDERS,,CARDIAC DISORDERS,
WOUND,WOUND NOS,,WOUND,,HLT_0542,,HLGT_0540,,"INJURY, POISONING AND PROCEDURAL COMPLICATIONS",,"INJURY, POISONING AND PROCEDURAL COMPLICATIONS",
WOUND HAEMORRHAGE,WOUND BLEEDING,,WOUND HAEMORRHAGE,,HLT_0154,,HLGT_0162,,VASCULAR DISORDERS,,VASCULAR DISORDERS,
